Downloaded,Game Name,Board Game Geek Link,Has Print and Play Files
,,,
No,Wanderlust,http://www.boardgamegeek.com/boardgame/69326/wanderlust,
No,18US,http://www.boardgamegeek.com/boardgame/17939/18us,
No,Feudal Lords,http://www.boardgamegeek.com/boardgame/19463/feudal-lords,
No,The Siege of Alesia,http://www.boardgamegeek.com/boardgame/42480/the-siege-of-alesia,
No,Königswahl,http://www.boardgamegeek.com/boardgame/36220/konigswahl,
No,Italian Wars,http://www.boardgamegeek.com/boardgame/26488/italian-wars,
No,Tiles,http://www.boardgamegeek.com/boardgame/2442/tiles,
No,Cowboys and Indians,http://www.boardgamegeek.com/boardgame/21341/cowboys-and-indians,
No,SUWS/NSUWS,http://www.boardgamegeek.com/boardgame/86665/suwsnsuws,
No,push&move;,http://www.boardgamegeek.com/boardgame/59515/pushmove,
No,Galaxy of D,http://www.boardgamegeek.com/boardgame/39514/galaxy-of-d,
No,Abande,http://www.boardgamegeek.com/boardgame/21324/abande,
No,Pellinoria,http://www.boardgamegeek.com/boardgame/148270/pellinoria,
No,Rush N' Crush,http://www.boardgamegeek.com/boardgame/7482/rush-n-crush,
No,18AL,http://www.boardgamegeek.com/boardgame/2612/18al,
No,Pint Craft,http://www.boardgamegeek.com/boardgame/123930/pint-craft,
No,Hypochondria,http://www.boardgamegeek.com/boardgame/57506/hypochondria,
No,Catnap,http://www.boardgamegeek.com/boardgame/13888/catnap,
No,Footy Manager,http://www.boardgamegeek.com/boardgame/96602/footy-manager,
No,Creepers,http://www.boardgamegeek.com/boardgame/41529/creepers,
No,Aliens: This Time It's War,http://www.boardgamegeek.com/boardgame/69851/aliens-this-time-its-war,
No,Ethereum,http://www.boardgamegeek.com/boardgame/88561/ethereum,
No,Farrapos,http://www.boardgamegeek.com/boardgame/96440/farrapos,
No,Pocket Pro Golf,http://www.boardgamegeek.com/boardgame/75809/pocket-pro-golf,
No,diZe,http://www.boardgamegeek.com/boardgame/143711/dize,
No,Wrath of the Ancients,http://www.boardgamegeek.com/boardgame/13889/wrath-of-the-ancients,
No,Barbarian Prince,http://www.boardgamegeek.com/boardgame/1631/barbarian-prince,
No,Paranoid Delusions,http://www.boardgamegeek.com/boardgame/26499/paranoid-delusions,
No,High and Low,http://www.boardgamegeek.com/boardgame/83363/high-and-low,
No,Triles,http://www.boardgamegeek.com/boardgame/34306/triles,
No,The Glory that Was Vol. I: Greece. Episode I: Tanagra,http://www.boardgamegeek.com/boardgame/40895/the-glory-that-was-vol-i-greece-episode-i-tanagr,
No,Bushi Shogi,http://www.boardgamegeek.com/boardgame/15874/bushi-shogi,
No,Unpublished Prototype,http://www.boardgamegeek.com/boardgame/18291/unpublished-prototype,
No,Iwo Jima,http://www.boardgamegeek.com/boardgame/33492/iwo-jima,
No,Chunky Fighters,http://www.boardgamegeek.com/boardgame/43136/chunky-fighters,
No,Rock 'n Roll,http://www.boardgamegeek.com/boardgame/87927/rock-n-roll,
No,Go! Go! E.D.F. (fan expansion for  Smash Monster Rampage!),http://www.boardgamegeek.com/boardgameexpansion/133133/go-go-e-d-f-fan-expansion-for-smash-monster-ramp,
No,Mecca,http://www.boardgamegeek.com/boardgame/69545/mecca,
No,Colonialism,http://www.boardgamegeek.com/boardgame/67917/colonialism,
No,Cyber Wedding,http://www.boardgamegeek.com/boardgame/39810/cyber-wedding,
No,Gosix,http://www.boardgamegeek.com/boardgame/23863/gosix,
No,Ghoulash,http://www.boardgamegeek.com/boardgame/2402/ghoulash,
No,Space Marvels 6 Express,http://www.boardgamegeek.com/boardgame/136337/space-marvels-6-express,
No,Macadam,http://www.boardgamegeek.com/boardgame/17848/macadam,
No,Black Cat,http://www.boardgamegeek.com/boardgame/19261/black-cat,
No,Ren,http://www.boardgamegeek.com/boardgame/23673/ren,
No,Bypass,http://www.boardgamegeek.com/boardgame/75816/bypass,
No,Skirmish Wars: Advance Tactics,http://www.boardgamegeek.com/boardgame/40455/skirmish-wars-advance-tactics,
No,Osmoz,http://www.boardgamegeek.com/boardgame/27696/osmoz,
No,Vampires' Dance,http://www.boardgamegeek.com/boardgame/54748/vampires-dance,
No,Rat Hot,http://www.boardgamegeek.com/boardgame/16497/rat-hot,
No,A Lamb Between Two Lions,http://www.boardgamegeek.com/boardgame/19941/a-lamb-between-two-lions,
No,Lemonade Stall,http://www.boardgamegeek.com/boardgame/69543/lemonade-stall,
No,DUNE: Return to the Sietch,http://www.boardgamegeek.com/boardgame/41078/dune-return-to-the-sietch,
No,Rex  Nemorensis,http://www.boardgamegeek.com/boardgame/84071/rex-nemorensis,
No,Battleship Express,http://www.boardgamegeek.com/boardgame/34745/battleship-express,
No,42 Hyperspace Expressway,http://www.boardgamegeek.com/boardgame/93530/42-hyperspace-expressway,
No,SP MOTOGP WORLD,http://www.boardgamegeek.com/boardgame/139485/sp-motogp-world,
No,Khagan,http://www.boardgamegeek.com/boardgame/109775/khagan,
No,Battle for Brikopolis,http://www.boardgamegeek.com/boardgame/48759/battle-for-brikopolis,
No,Economy Class,http://www.boardgamegeek.com/boardgame/17631/economy-class,
No,Free Trader,http://www.boardgamegeek.com/boardgame/36659/free-trader,
No,Western Town,http://www.boardgamegeek.com/boardgame/19358/western-town,
No,Mountain Climber,http://www.boardgamegeek.com/boardgame/39398/mountain-climber,
No,Alien City,http://www.boardgamegeek.com/boardgame/20623/alien-city,
No,Delve: The Dice Game,http://www.boardgamegeek.com/boardgame/43691/delve-the-dice-game,
No,Piecepack,http://www.boardgamegeek.com/boardgame/2860/piecepack,
No,Cthulhu Zap,http://www.boardgamegeek.com/boardgame/112886/cthulhu-zap,
No,Guerrilla Checkers,http://www.boardgamegeek.com/boardgame/71035/guerrilla-checkers,
No,My Band,http://www.boardgamegeek.com/boardgame/37064/my-band,
No,"Run, Hamster, Run!",http://www.boardgamegeek.com/boardgame/1456/run-hamster-run,
No,Baseball Heroes,http://www.boardgamegeek.com/boardgame/72262/baseball-heroes,
No,"Oh No, There Goes Tokyo!",http://www.boardgamegeek.com/boardgame/14410/oh-no-there-goes-tokyo,
No,Cthul-B-Que,http://www.boardgamegeek.com/boardgame/14619/cthul-b-que,
No,Shadows Upon Lassadar,http://www.boardgamegeek.com/boardgame/108080/shadows-upon-lassadar,
No,Mini-Combat,http://www.boardgamegeek.com/boardgame/21320/mini-combat,
No,To The Last Man!,http://www.boardgamegeek.com/boardgame/21414/to-the-last-man,
No,Advanced Wizard's Quest (fan expansion for Wizard's Quest),http://www.boardgamegeek.com/boardgameexpansion/133132/advanced-wizards-quest-fan-expansion-for-wizards-q,
No,Smash Monster Rampage!,http://www.boardgamegeek.com/boardgame/70767/smash-monster-rampage,
No,1st Alamein,http://www.boardgamegeek.com/boardgame/12018/1st-alamein,
No,The Horsemen of Buzkashi,http://www.boardgamegeek.com/boardgame/19942/the-horsemen-of-buzkashi,
No,Matrix,http://www.boardgamegeek.com/boardgame/20484/matrix,
No,March of War,http://www.boardgamegeek.com/boardgame/59088/march-of-war,
No,Alphabet Runner,http://www.boardgamegeek.com/boardgame/20820/alphabet-runner,
No,2Ruote,http://www.boardgamegeek.com/boardgame/43115/2ruote,
No,The Great Italian Wars,http://www.boardgamegeek.com/boardgame/107684/the-great-italian-wars,
No,Traffic Patterns,http://www.boardgamegeek.com/boardgame/34384/traffic-patterns,
No,Stratelite,http://www.boardgamegeek.com/boardgame/14181/stratelite,
No,Clovis,http://www.boardgamegeek.com/boardgame/40502/clovis,
No,Mall of the Deads,http://www.boardgamegeek.com/boardgame/118740/mall-of-the-deads,
No,Grognards & Grenadiers,http://www.boardgamegeek.com/boardgame/38948/grognards-grenadiers,
No,Autokross-88,http://www.boardgamegeek.com/boardgame/98698/autokross-88,
No,Queens of Fate,http://www.boardgamegeek.com/boardgame/102105/queens-of-fate,
No,Buccaneers!,http://www.boardgamegeek.com/boardgame/140722/buccaneers,
No,Wheels of Steel,http://www.boardgamegeek.com/boardgame/23239/wheels-of-steel,
No,Medieval Manor,http://www.boardgamegeek.com/boardgame/38993/medieval-manor,
No,Joust,http://www.boardgamegeek.com/boardgame/8795/joust,
No,Smallville Board Game,http://www.boardgamegeek.com/boardgame/28421/smallville-board-game,
No,Assembly Line,http://www.boardgamegeek.com/boardgame/6568/assembly-line,
No,Kolejka,http://www.boardgamegeek.com/boardgame/85325/kolejka,
No,Evolution Earth: Cataclysm,http://www.boardgamegeek.com/boardgame/63216/evolution-earth-cataclysm,
No,Napoleon at Waterloo,http://www.boardgamegeek.com/boardgame/3573/napoleon-at-waterloo,
No,Shattered Olympus,http://www.boardgamegeek.com/boardgame/140610/shattered-olympus,
No,Company Leader,http://www.boardgamegeek.com/boardgame/147819/company-leader,
No,Elemental Clash: The Basic Set,http://www.boardgamegeek.com/boardgame/47158/elemental-clash-the-basic-set,
No,Agricola Express,http://www.boardgamegeek.com/boardgame/45020/agricola-express,
No,Dead of Night,http://www.boardgamegeek.com/boardgame/27736/dead-of-night,
No,Clay-O-Rama,http://www.boardgamegeek.com/boardgame/9300/clay-o-rama,
No,Wend-loop,http://www.boardgamegeek.com/boardgame/73172/wend-loop,
No,Agora,http://www.boardgamegeek.com/boardgame/2960/agora,
No,Space Clash,http://www.boardgamegeek.com/boardgame/62990/space-clash,
No,Route Z,http://www.boardgamegeek.com/boardgame/54835/route-z,
No,Oikodomos,http://www.boardgamegeek.com/boardgame/129372/oikodomos,
No,Fatal Frame : The Card Game,http://www.boardgamegeek.com/boardgame/22329/fatal-frame-the-card-game,
No,Star Wars: Stolen Plans Card Game,http://www.boardgamegeek.com/boardgame/23878/star-wars-stolen-plans-card-game,
No,Gnostica,http://www.boardgamegeek.com/boardgame/9629/gnostica,
No,S-P-O-N-G-E: Fight the Evil,http://www.boardgamegeek.com/boardgame/6185/s-p-o-n-g-e-fight-the-evil,
No,Gods,http://www.boardgamegeek.com/boardgame/2600/gods,
No,Antagon,http://www.boardgamegeek.com/boardgame/3544/antagon,
No,Ambagibus,http://www.boardgamegeek.com/boardgame/42498/ambagibus,
No,18GA,http://www.boardgamegeek.com/boardgame/2583/18ga,
No,Fallout Warfare,http://www.boardgamegeek.com/boardgame/18251/fallout-warfare,
No,Yield!,http://www.boardgamegeek.com/boardgame/19906/yield,
No,Fazenda,http://www.boardgamegeek.com/boardgame/35543/fazenda,
No,Fungibility,http://www.boardgamegeek.com/boardgame/114327/fungibility,
No,Delve the Card Game,http://www.boardgamegeek.com/boardgame/43693/delve-the-card-game,
No,Himalaya,http://www.boardgamegeek.com/boardgame/3800/himalaya,
No,URBAN-OPS: the card game,http://www.boardgamegeek.com/boardgame/85809/urban-ops-the-card-game,
No,Open Rails Origins,http://www.boardgamegeek.com/boardgame/63715/open-rails-origins,
No,Caliphate,http://www.boardgamegeek.com/boardgame/31287/caliphate,
No,The Resistance,http://www.boardgamegeek.com/boardgame/41114/the-resistance,
No,Kardinal & König: Das Kartenspiel,http://www.boardgamegeek.com/boardgame/2610/kardinal-konig-das-kartenspiel,
No,Glik,http://www.boardgamegeek.com/boardgame/24230/glik,
No,Good Cat Bad Cat,http://www.boardgamegeek.com/boardgame/66254/good-cat-bad-cat,
No,Mind Your Step!,http://www.boardgamegeek.com/boardgame/142690/mind-your-step,
No,X-Com: Tactical,http://www.boardgamegeek.com/boardgame/18206/x-com-tactical,
No,"Blackbeard, Bluebeard and Redbeard",http://www.boardgamegeek.com/boardgame/32780/blackbeard-bluebeard-and-redbeard,
No,Outside the Scope of BGG,http://www.boardgamegeek.com/boardgame/23953/outside-the-scope-of-bgg,
No,Cat Burglar,http://www.boardgamegeek.com/boardgame/10891/cat-burglar,
No,Zombie Plague,http://www.boardgamegeek.com/boardgame/7514/zombie-plague,
No,18FR,http://www.boardgamegeek.com/boardgame/12123/18fr,
No,Arabian Nights,http://www.boardgamegeek.com/boardgame/40402/arabian-nights,
No,11 Kings,http://www.boardgamegeek.com/boardgame/28560/11-kings,
No,Airborne In Your Pocket: Free Trial Version,http://www.boardgamegeek.com/boardgame/42651/airborne-in-your-pocket-free-trial-version,
No,PitLane,http://www.boardgamegeek.com/boardgame/55198/pitlane,
No,Wheels of Time,http://www.boardgamegeek.com/boardgame/41137/wheels-of-time,
No,Wizard Dodgeball,http://www.boardgamegeek.com/boardgame/123306/wizard-dodgeball,
No,18FL,http://www.boardgamegeek.com/boardgame/21436/18fl,
No,Battle Platform Antilles,http://www.boardgamegeek.com/boardgame/914/battle-platform-antilles,
No,A Thousand Years of Blood,http://www.boardgamegeek.com/boardgame/125836/a-thousand-years-of-blood,
No,The Artifact,http://www.boardgamegeek.com/boardgame/10959/the-artifact,
No,Xscape,http://www.boardgamegeek.com/boardgame/99986/xscape,
No,Mission ZO/MBie,http://www.boardgamegeek.com/boardgame/46152/mission-zombie,
No,Free At Last,http://www.boardgamegeek.com/boardgame/23312/free-at-last,
No,Star Viking,http://www.boardgamegeek.com/boardgame/1792/star-viking,
No,Tanbo,http://www.boardgamegeek.com/boardgame/6492/tanbo,
No,Icehouse,http://www.boardgamegeek.com/boardgame/225/icehouse,
No,House of Horrors,http://www.boardgamegeek.com/boardgame/2460/house-of-horrors,
No,Solarii,http://www.boardgamegeek.com/boardgame/18244/solarii,
No,Froggy Land,http://www.boardgamegeek.com/boardgame/70649/froggy-land,
No,Space Strips,http://www.boardgamegeek.com/boardgame/88399/space-strips,
No,The Haunted Musicians,http://www.boardgamegeek.com/boardgame/41251/the-haunted-musicians,
No,Zed Deck,http://www.boardgamegeek.com/boardgame/94916/zed-deck,
No,Nile: The Dice Game,http://www.boardgamegeek.com/boardgame/69900/nile-the-dice-game,
No,Car Tricks,http://www.boardgamegeek.com/boardgame/10872/car-tricks,
No,Typhoons & Turtleships,http://www.boardgamegeek.com/boardgame/24563/typhoons-turtleships,
No,Battle for Moscow (first edition),http://www.boardgamegeek.com/boardgame/6544/battle-for-moscow-first-edition,
No,Disciples,http://www.boardgamegeek.com/boardgame/12513/disciples,
No,Zen Flower Showdown,http://www.boardgamegeek.com/boardgame/41561/zen-flower-showdown,
No,Lock 'N Load: Forgotten Heroes; Vietnam,http://www.boardgamegeek.com/boardgame/6542/lock-n-load-forgotten-heroes-vietnam,
No,Mecha Dice,http://www.boardgamegeek.com/boardgame/19731/mecha-dice,
No,Lost Patrol,http://www.boardgamegeek.com/boardgame/2268/lost-patrol,
No,Horror Island,http://www.boardgamegeek.com/boardgame/101932/horror-island,
No,Rickety Ships,http://www.boardgamegeek.com/boardgame/43904/rickety-ships,
No,D-Day Dice: Free Trial Version,http://www.boardgamegeek.com/boardgame/61028/d-day-dice-free-trial-version,
No,Factories,http://www.boardgamegeek.com/boardgame/3871/factories,
No,Bosconian-D,http://www.boardgamegeek.com/boardgame/30096/bosconian-d,
No,Black Death v1.01,http://www.boardgamegeek.com/boardgame/35047/black-death-v1-01,
No,Canvas Eagles,http://www.boardgamegeek.com/boardgame/10501/canvas-eagles,
No,Wend-edge,http://www.boardgamegeek.com/boardgame/74194/wend-edge,
No,Global Supremacy,http://www.boardgamegeek.com/boardgame/11031/global-supremacy,
No,Death of an Intergalactic Salesman,http://www.boardgamegeek.com/boardgame/99592/death-of-an-intergalactic-salesman,
No,Magic Realm,http://www.boardgamegeek.com/boardgame/22/magic-realm,
No,Path Of Pharaohs,http://www.boardgamegeek.com/boardgame/14699/path-of-pharaohs,
No,Café Race,http://www.boardgamegeek.com/boardgame/20781/cafe-race,
No,The Alamo,http://www.boardgamegeek.com/boardgame/27321/the-alamo,
No,Swing States,http://www.boardgamegeek.com/boardgame/83280/swing-states,
No,Taco Shop Psychic,http://www.boardgamegeek.com/boardgame/18331/taco-shop-psychic,
No,Boum!,http://www.boardgamegeek.com/boardgame/23038/boum,
No,Flix Flax,http://www.boardgamegeek.com/boardgame/20483/flix-flax,
No,Pit Fighter,http://www.boardgamegeek.com/boardgame/13465/pit-fighter,
No,Colony 9,http://www.boardgamegeek.com/boardgame/147994/colony-9,
No,Dédales,http://www.boardgamegeek.com/boardgame/27874/dedales,
No,Obnoxio,http://www.boardgamegeek.com/boardgame/17636/obnoxio,
No,"I Don't Know, What Do You Want To Play?",http://www.boardgamegeek.com/boardgame/28567/i-dont-know-what-do-you-want-to-play,
No,Mobile Suit Gundam - One Year's War,http://www.boardgamegeek.com/boardgame/133135/mobile-suit-gundam-one-years-war,
No,Waving Hands,http://www.boardgamegeek.com/boardgame/5818/waving-hands,
No,Renfield,http://www.boardgamegeek.com/boardgame/2149/renfield,
No,Sixteen Thirty Something,http://www.boardgamegeek.com/boardgame/2824/sixteen-thirty-something,
No,Panzer Grenadier: The East Front,http://www.boardgamegeek.com/boardgame/2881/panzer-grenadier-the-east-front,
No,Suit Up,http://www.boardgamegeek.com/boardgame/143146/suit-up,
No,Second World War,http://www.boardgamegeek.com/boardgame/21078/second-world-war,
No,18Scan,http://www.boardgamegeek.com/boardgame/17857/18scan,
No,Get Paul That Promotion,http://www.boardgamegeek.com/boardgame/14385/get-paul-that-promotion,
No,Slapshot,http://www.boardgamegeek.com/boardgame/1705/slapshot,
No,Sneaking Mission: Solo,http://www.boardgamegeek.com/boardgame/51818/sneaking-mission-solo,
No,MetalTalon,http://www.boardgamegeek.com/boardgame/15723/metaltalon,
No,Supersurf! Championship Sky-Surfing in the World of Judge Dredd,http://www.boardgamegeek.com/boardgame/22011/supersurf-championship-sky-surfing-in-the-world-of,
No,Huzzah!,http://www.boardgamegeek.com/boardgame/2148/huzzah,
No,36d6,http://www.boardgamegeek.com/boardgame/17637/36d6,
No,"Noah, My Poor Dad",http://www.boardgamegeek.com/boardgame/133011/noah-my-poor-dad,
No,Cronberg,http://www.boardgamegeek.com/boardgame/6569/cronberg,
No,Edgehill: Dawning of the Revolution,http://www.boardgamegeek.com/boardgame/29913/edgehill-dawning-of-the-revolution,
No,BGG: The Board Game,http://www.boardgamegeek.com/boardgame/42952/bgg-the-board-game,
No,Wordfinger,http://www.boardgamegeek.com/boardgame/13872/wordfinger,
No,Bushka,http://www.boardgamegeek.com/boardgame/18922/bushka,
No,Double-Entendre,http://www.boardgamegeek.com/boardgame/27151/double-entendre,
No,Milky Way Express,http://www.boardgamegeek.com/boardgame/92013/milky-way-express,
No,First Blood: The Guadalcanal Campaign,http://www.boardgamegeek.com/boardgame/9438/first-blood-the-guadalcanal-campaign,
No,Unità di Soccorso Giapponesi,http://www.boardgamegeek.com/boardgame/147826/unita-di-soccorso-giapponesi,
No,Calculae,http://www.boardgamegeek.com/boardgame/55899/calculae,
No,Astromachia,http://www.boardgamegeek.com/boardgame/13302/astromachia,
No,Brazil,http://www.boardgamegeek.com/boardgame/26037/brazil,
No,Les Pierres d'Ica,http://www.boardgamegeek.com/boardgame/27695/les-pierres-dica,
No,Siege of Atlantis,http://www.boardgamegeek.com/boardgame/33849/siege-of-atlantis,
No,Xochintlan,http://www.boardgamegeek.com/boardgame/17849/xochintlan,
No,Dragon Currents,http://www.boardgamegeek.com/boardgame/57908/dragon-currents,
No,Osh Vegas Police,http://www.boardgamegeek.com/boardgame/86779/osh-vegas-police,
No,SPAZIO PROFONDO/OUTER SPACE,http://www.boardgamegeek.com/boardgame/86666/spazio-profondoouter-space,
No,Escape From Amarth Bara,http://www.boardgamegeek.com/boardgame/29804/escape-from-amarth-bara,
No,Age of Sovereigns,http://www.boardgamegeek.com/boardgame/104521/age-of-sovereigns,
No,Goblin Slayer,http://www.boardgamegeek.com/boardgame/36412/goblin-slayer,
No,Co-op Train Game,http://www.boardgamegeek.com/boardgame/37495/co-op-train-game,
No,Hundred Years War,http://www.boardgamegeek.com/boardgame/26495/hundred-years-war,
No,Dune Express,http://www.boardgamegeek.com/boardgame/42617/dune-express,
No,Cthulinária,http://www.boardgamegeek.com/boardgame/62352/cthulinaria,
No,The Duke,http://www.boardgamegeek.com/boardgame/36235/the-duke,
No,Rainbow Deck,http://www.boardgamegeek.com/boardgame/59655/rainbow-deck,
No,Cat & Mouseoid,http://www.boardgamegeek.com/boardgame/73770/cat-mouseoid,
No,A More Perfect Union: The Struggle to Ratify the Constitution,http://www.boardgamegeek.com/boardgame/122619/a-more-perfect-union-the-struggle-to-ratify-the-co,
No,Writer's Block,http://www.boardgamegeek.com/boardgame/111202/writers-block,
No,Richelieu,http://www.boardgamegeek.com/boardgame/5795/richelieu,
No,Priests of Stonehenge,http://www.boardgamegeek.com/boardgame/66953/priests-of-stonehenge,
No,OrkoMondo,http://www.boardgamegeek.com/boardgame/3461/orkomondo,
No,Don't Touch That Dial,http://www.boardgamegeek.com/boardgame/21883/dont-touch-that-dial,
No,Battle of Seattle,http://www.boardgamegeek.com/boardgame/4190/battle-of-seattle,
No,The Gamers Constellation,http://www.boardgamegeek.com/boardgame/26828/the-gamers-constellation,
No,Vera Discordia,http://www.boardgamegeek.com/boardgame/40766/vera-discordia,
No,Scallywags,http://www.boardgamegeek.com/boardgame/37755/scallywags,
No,Polders,http://www.boardgamegeek.com/boardgame/113822/polders,
No,12 Realms,http://www.boardgamegeek.com/boardgame/68606/12-realms,
No,Nebulous,http://www.boardgamegeek.com/boardgame/41678/nebulous,
No,Sneak Attack,http://www.boardgamegeek.com/boardgame/72017/sneak-attack,
No,Battle Leader Tactics,http://www.boardgamegeek.com/boardgame/32821/battle-leader-tactics,
No,Die Tafelrunde,http://www.boardgamegeek.com/boardgame/775/die-tafelrunde,
No,Fire & Water,http://www.boardgamegeek.com/boardgame/108406/fire-water,
No,Frontline General: Italian Campaign Introduction,http://www.boardgamegeek.com/boardgame/37222/frontline-general-italian-campaign-introduction,
No,Honey War,http://www.boardgamegeek.com/boardgame/28180/honey-war,
No,Konsorcjum,http://www.boardgamegeek.com/boardgame/138163/konsorcjum,
No,In the Shadow of Byzantium,http://www.boardgamegeek.com/boardgame/18070/in-the-shadow-of-byzantium,
No,Penguin's Night Out,http://www.boardgamegeek.com/boardgame/19502/penguins-night-out,
No,Culture & Conquest,http://www.boardgamegeek.com/boardgame/19615/culture-conquest,
No,Quadrature,http://www.boardgamegeek.com/boardgame/6491/quadrature,
No,BlueMountain Coop.,http://www.boardgamegeek.com/boardgame/73766/bluemountain-coop,
No,"Rock, Scissors, Paper",http://www.boardgamegeek.com/boardgame/3660/rock-scissors-paper,
No,The Twelve Doctors: Doctor Who Card Game,http://www.boardgamegeek.com/boardgame/56995/the-twelve-doctors-doctor-who-card-game,
No,Tabernacle,http://www.boardgamegeek.com/boardgame/14439/tabernacle,
No,Höyük,http://www.boardgamegeek.com/boardgame/24270/hoyuk,
No,Dragonslayers,http://www.boardgamegeek.com/boardgame/61810/dragonslayers,
No,Paper Cricket,http://www.boardgamegeek.com/boardgame/38428/paper-cricket,
No,Chicago,http://www.boardgamegeek.com/boardgame/20575/chicago,
No,Run Hippy! Run! The Boardgame,http://www.boardgamegeek.com/boardgame/4517/run-hippy-run-the-boardgame,
No,Monte Caseros,http://www.boardgamegeek.com/boardgame/127062/monte-caseros,
No,True Soccer Hero,http://www.boardgamegeek.com/boardgame/64069/true-soccer-hero,
No,Puzzle Train,http://www.boardgamegeek.com/boardgame/20939/puzzle-train,
No,Quandrum,http://www.boardgamegeek.com/boardgame/142178/quandrum,
No,Dueling Nobles,http://www.boardgamegeek.com/boardgame/14715/dueling-nobles,
No,Katmandou,http://www.boardgamegeek.com/boardgame/19774/katmandou,
No,Island Of D,http://www.boardgamegeek.com/boardgame/18246/island-of-d,
No,Battle of Berlin,http://www.boardgamegeek.com/boardgame/20466/battle-of-berlin,
No,ChessCraft,http://www.boardgamegeek.com/boardgame/54124/chesscraft,
No,"Battle of Lobositz, October 1, 1756",http://www.boardgamegeek.com/boardgame/113252/battle-of-lobositz-october-1-1756,
No,Glak,http://www.boardgamegeek.com/boardgame/24231/glak,
No,Decktet,http://www.boardgamegeek.com/boardgame/37301/decktet,
No,Country Trains,http://www.boardgamegeek.com/boardgame/24510/country-trains,
No,Eastern Front 2,http://www.boardgamegeek.com/boardgame/21141/eastern-front-2,
No,Caravansérail,http://www.boardgamegeek.com/boardgame/2805/caravanserail,
No,Germania: Drusus' Campaigns 12-9 BC,http://www.boardgamegeek.com/boardgame/25600/germania-drusus-campaigns-12-9-bc,
No,Tokar's Arcana,http://www.boardgamegeek.com/boardgame/10931/tokars-arcana,
No,Pocket Civ,http://www.boardgamegeek.com/boardgame/28044/pocket-civ,
No,Spice Raid,http://www.boardgamegeek.com/boardgame/27191/spice-raid,
No,The Legacy of Kings,http://www.boardgamegeek.com/boardgame/18969/the-legacy-of-kings,
No,Micropul,http://www.boardgamegeek.com/boardgame/10660/micropul,
No,Pest Control,http://www.boardgamegeek.com/boardgame/42475/pest-control,
No,It's All Chinese to Me!,http://www.boardgamegeek.com/boardgame/38202/its-all-chinese-to-me,
No,Battle of Marignano,http://www.boardgamegeek.com/boardgame/19029/battle-of-marignano,
No,Valor & Victory,http://www.boardgamegeek.com/boardgame/28452/valor-victory,
No,Pirates & Plunder,http://www.boardgamegeek.com/boardgame/13960/pirates-plunder,
No,Space Dogfight,http://www.boardgamegeek.com/boardgame/39442/space-dogfight,
No,Asteroids,http://www.boardgamegeek.com/boardgame/19958/asteroids,
No,Death Angel,http://www.boardgamegeek.com/boardgame/8279/death-angel,
No,Pocket Dungeon,http://www.boardgamegeek.com/boardgame/42361/pocket-dungeon,
No,Blam!,http://www.boardgamegeek.com/boardgame/17765/blam,
No,Epic Solitaire Notebook Adventures,http://www.boardgamegeek.com/boardgame/51199/epic-solitaire-notebook-adventures,
No,1881: Das Berliner Strassenbahnspiel,http://www.boardgamegeek.com/boardgame/27046/1881-das-berliner-strassenbahnspiel,
No,Solo Tower Hack,http://www.boardgamegeek.com/boardgame/33950/solo-tower-hack,
No,Candidate,http://www.boardgamegeek.com/boardgame/14352/candidate,
No,Battle of Ayrene's Woods,http://www.boardgamegeek.com/boardgame/44509/battle-of-ayrenes-woods,
No,Reiner Knizia's Decathlon,http://www.boardgamegeek.com/boardgame/6955/reiner-knizias-decathlon,
No,Dungeon Run,http://www.boardgamegeek.com/boardgame/66424/dungeon-run,
No,Road Cycling Tour,http://www.boardgamegeek.com/boardgame/28458/road-cycling-tour,
No,Modern Naval Battles,http://www.boardgamegeek.com/boardgame/1668/modern-naval-battles,
No,Tower Defence,http://www.boardgamegeek.com/boardgame/82962/tower-defence,
No,Jacked In,http://www.boardgamegeek.com/boardgame/72339/jacked-in,
No,Dogs Do,http://www.boardgamegeek.com/boardgame/19905/dogs-do,
No,Air Traffic Controller,http://www.boardgamegeek.com/boardgame/29084/air-traffic-controller,
No,Moscow Attacked,http://www.boardgamegeek.com/boardgame/13028/moscow-attacked,
No,Schleichfahrt: Sneaking Behind Enemy Lines,http://www.boardgamegeek.com/boardgame/72197/schleichfahrt-sneaking-behind-enemy-lines,
No,Ragnarök: Aesir and Jötunn,http://www.boardgamegeek.com/boardgame/92777/ragnarok-aesir-and-jotunn,
No,The Shining,http://www.boardgamegeek.com/boardgame/14296/the-shining,
No,Merchant of Venus,http://www.boardgamegeek.com/boardgame/230/merchant-of-venus,
No,Wings of Lightning,http://www.boardgamegeek.com/boardgame/130510/wings-of-lightning,
No,World War II in Europe Rummy,http://www.boardgamegeek.com/boardgame/63185/world-war-ii-in-europe-rummy,
No,Mesopotamia:  Birth of Civilisation,http://www.boardgamegeek.com/boardgame/4199/mesopotamia-birth-of-civilisation,
No,Katego,http://www.boardgamegeek.com/boardgame/11508/katego,
No,Alexius 1113 A. D.,http://www.boardgamegeek.com/boardgame/18073/alexius-1113-a-d,
No,Gladius,http://www.boardgamegeek.com/boardgame/24129/gladius,
No,Jasper and Zot,http://www.boardgamegeek.com/boardgame/89912/jasper-and-zot,
No,Space Relics,http://www.boardgamegeek.com/boardgame/139770/space-relics,
No,Zaibatsu,http://www.boardgamegeek.com/boardgame/94493/zaibatsu,
No,Tank Attack,http://www.boardgamegeek.com/boardgame/67956/tank-attack,
No,Rolling Courts,http://www.boardgamegeek.com/boardgame/91529/rolling-courts,
No,Daisho,http://www.boardgamegeek.com/boardgame/21296/daisho,
No,InterSpace,http://www.boardgamegeek.com/boardgame/11957/interspace,
No,Skirmish Tactics Apocalypse,http://www.boardgamegeek.com/boardgame/138205/skirmish-tactics-apocalypse,
No,The Galaxy Corporate: Star Traders,http://www.boardgamegeek.com/boardgame/118952/the-galaxy-corporate-star-traders,
No,Deathmatch,http://www.boardgamegeek.com/boardgame/108225/deathmatch,
No,Die Herren aller Länder,http://www.boardgamegeek.com/boardgame/18465/die-herren-aller-lander,
No,Inspector Moss: House Arrest,http://www.boardgamegeek.com/boardgame/100089/inspector-moss-house-arrest,
No,Incursion,http://www.boardgamegeek.com/boardgame/40603/incursion,
No,Omega War: Salvo 2064,http://www.boardgamegeek.com/boardgame/72051/omega-war-salvo-2064,
No,Zombies & Zeppelins,http://www.boardgamegeek.com/boardgame/119319/zombies-zeppelins,
No,Zoo,http://www.boardgamegeek.com/boardgame/24596/zoo,
No,Robber Barons of the Gilded Age,http://www.boardgamegeek.com/boardgame/26969/robber-barons-of-the-gilded-age,
No,Rollerball,http://www.boardgamegeek.com/boardgame/31119/rollerball,
No,Space Infantry,http://www.boardgamegeek.com/boardgame/66781/space-infantry,
No,Cows on the Rows,http://www.boardgamegeek.com/boardgame/119602/cows-on-the-rows,
No,China Moon,http://www.boardgamegeek.com/boardgame/7204/china-moon,
No,BrickQuest,http://www.boardgamegeek.com/boardgame/7603/brickquest,
No,Historia Romana,http://www.boardgamegeek.com/boardgame/42481/historia-romana,
No,Triad,http://www.boardgamegeek.com/boardgame/17587/triad,
No,Imperium Galacticum,http://www.boardgamegeek.com/boardgame/59662/imperium-galacticum,
No,Solo Dungeon Crawl,http://www.boardgamegeek.com/boardgame/140589/solo-dungeon-crawl,
No,Corse Ciclistiche,http://www.boardgamegeek.com/boardgame/26092/corse-ciclistiche,
No,Fortune's Colony,http://www.boardgamegeek.com/boardgame/10985/fortunes-colony,
No,Rock - Paper - Scissors,http://www.boardgamegeek.com/boardgame/74303/rock-paper-scissors,
No,Galaxy Grid,http://www.boardgamegeek.com/boardgame/14620/galaxy-grid,
No,Mine-Shaft Gap,http://www.boardgamegeek.com/boardgame/26300/mine-shaft-gap,
No,1000 Blank White Cards,http://www.boardgamegeek.com/boardgame/4550/1000-blank-white-cards,
No,Dead Walk Again,http://www.boardgamegeek.com/boardgame/27318/dead-walk-again,
No,Wormhole,http://www.boardgamegeek.com/boardgame/26890/wormhole,
No,Ancients,http://www.boardgamegeek.com/boardgame/1782/ancients,
No,How to Host a Dungeon,http://www.boardgamegeek.com/boardgame/38204/how-to-host-a-dungeon,
No,Micro Space Empire,http://www.boardgamegeek.com/boardgame/99698/micro-space-empire,
No,SuDoku Hex!,http://www.boardgamegeek.com/boardgame/25073/sudoku-hex,
No,Panzer Clash,http://www.boardgamegeek.com/boardgame/64852/panzer-clash,
No,Sink the Bismarck,http://www.boardgamegeek.com/boardgame/38702/sink-the-bismarck,
No,Deck Delver,http://www.boardgamegeek.com/boardgame/148386/deck-delver,
No,Treefort Nations,http://www.boardgamegeek.com/boardgame/17628/treefort-nations,
No,Polis: Fight for the Hegemony,http://www.boardgamegeek.com/boardgame/69779/polis-fight-for-the-hegemony,
No,Age of Heroes,http://www.boardgamegeek.com/boardgame/10631/age-of-heroes,
No,One Against the Dead,http://www.boardgamegeek.com/boardgame/32644/one-against-the-dead,
No,Sword and Sail,http://www.boardgamegeek.com/boardgame/16196/sword-and-sail,
No,WWII,http://www.boardgamegeek.com/boardgame/134061/wwii,
No,Fight Club: Project Mayhem,http://www.boardgamegeek.com/boardgame/132260/fight-club-project-mayhem,
No,The Polls are Closed!,http://www.boardgamegeek.com/boardgame/59653/the-polls-are-closed,
No,"10,000 in my Pocket",http://www.boardgamegeek.com/boardgame/91413/10000-in-my-pocket,
No,Delivery!,http://www.boardgamegeek.com/boardgame/41413/delivery,
No,Sprawl,http://www.boardgamegeek.com/boardgame/19152/sprawl,
No,College Basketball Dynasty,http://www.boardgamegeek.com/boardgame/38755/college-basketball-dynasty,
No,The Mini Quest,http://www.boardgamegeek.com/boardgame/98120/the-mini-quest,
No,Hex,http://www.boardgamegeek.com/boardgame/4112/hex,
No,Stocking Stuffers,http://www.boardgamegeek.com/boardgame/15075/stocking-stuffers,
No,Deadly Harmony,http://www.boardgamegeek.com/boardgame/39439/deadly-harmony,
No,Behind The 9,http://www.boardgamegeek.com/boardgame/42473/behind-the-9,
No,Akebono,http://www.boardgamegeek.com/boardgame/69461/akebono,
No,Master of Venice,http://www.boardgamegeek.com/boardgame/24313/master-of-venice,
No,Maze of Good & Bad,http://www.boardgamegeek.com/boardgame/27873/maze-of-good-bad,
No,Cold War,http://www.boardgamegeek.com/boardgame/7489/cold-war,
No,Snack Factory,http://www.boardgamegeek.com/boardgame/68174/snack-factory,
No,Dish Pan Hands,http://www.boardgamegeek.com/boardgame/17496/dish-pan-hands,
No,End Zone,http://www.boardgamegeek.com/boardgame/136093/end-zone,
No,Fungus,http://www.boardgamegeek.com/boardgame/98551/fungus,
No,Miskatonic Madness,http://www.boardgamegeek.com/boardgame/17830/miskatonic-madness,
No,Zombie Solitaire,http://www.boardgamegeek.com/boardgame/147199/zombie-solitaire,
No,Hydras,http://www.boardgamegeek.com/boardgame/143671/hydras,
No,Starzone,http://www.boardgamegeek.com/boardgame/112357/starzone,
No,The Gaston Game,http://www.boardgamegeek.com/boardgame/57783/the-gaston-game,
No,Eleusis,http://www.boardgamegeek.com/boardgame/5217/eleusis,
No,Deadwood Studios USA,http://www.boardgamegeek.com/boardgame/1489/deadwood-studios-usa,
No,Mad Robots,http://www.boardgamegeek.com/boardgame/72027/mad-robots,
No,Make An Offer,http://www.boardgamegeek.com/boardgame/55387/make-an-offer,
No,Dungeon Express,http://www.boardgamegeek.com/boardgame/43594/dungeon-express,
No,Castles,http://www.boardgamegeek.com/boardgame/17846/castles,
No,Behind Every Good Man,http://www.boardgamegeek.com/boardgame/17489/behind-every-good-man,
No,Island Of D 2: The Shadow of Dawn,http://www.boardgamegeek.com/boardgame/19212/island-of-d-2-the-shadow-of-dawn,
No,Microbe,http://www.boardgamegeek.com/boardgame/40948/microbe,
No,Solo Dungeon Bash,http://www.boardgamegeek.com/boardgame/30009/solo-dungeon-bash,
No,Alphatian Roulette,http://www.boardgamegeek.com/boardgame/18086/alphatian-roulette,
No,Abrekodibru,http://www.boardgamegeek.com/boardgame/18249/abrekodibru,
No,Masters of Dice,http://www.boardgamegeek.com/boardgame/58000/masters-of-dice,
No,2109,http://www.boardgamegeek.com/boardgame/60308/2109,
No,Combat in the Lists,http://www.boardgamegeek.com/boardgame/118017/combat-in-the-lists,
No,Turkey Day,http://www.boardgamegeek.com/boardgame/62213/turkey-day,
No,Darn!,http://www.boardgamegeek.com/boardgame/100677/darn,
No,Folium,http://www.boardgamegeek.com/boardgame/143990/folium,
No,Lockhaven,http://www.boardgamegeek.com/boardgame/14534/lockhaven,
No,18VA,http://www.boardgamegeek.com/boardgame/7218/18va,
No,Island Trader,http://www.boardgamegeek.com/boardgame/33812/island-trader,
No,Battles Fantasia,http://www.boardgamegeek.com/boardgame/63630/battles-fantasia,
No,Star Beacon,http://www.boardgamegeek.com/boardgame/65530/star-beacon,
No,Middleman,http://www.boardgamegeek.com/boardgame/2967/middleman,
No,Meeplecrawl,http://www.boardgamegeek.com/boardgame/66523/meeplecrawl,
No,RoboDerby: Express,http://www.boardgamegeek.com/boardgame/89695/roboderby-express,
No,"The Battle of Mollwitz: April 10, 1741",http://www.boardgamegeek.com/boardgame/111965/the-battle-of-mollwitz-april-10-1741,
No,Moon Melee,http://www.boardgamegeek.com/boardgame/32910/moon-melee,
No,Planet Masters,http://www.boardgamegeek.com/boardgame/108744/planet-masters,
No,Bonsai Samurai,http://www.boardgamegeek.com/boardgame/28851/bonsai-samurai,
No,1817,http://www.boardgamegeek.com/boardgame/63170/1817,
No,Goblin,http://www.boardgamegeek.com/boardgame/3108/goblin,
No,Deck Deck Revolution,http://www.boardgamegeek.com/boardgame/35367/deck-deck-revolution,
No,Dicefest,http://www.boardgamegeek.com/boardgame/20938/dicefest,
No,Battle Arena,http://www.boardgamegeek.com/boardgame/63735/battle-arena,
No,Doctor Who: Solitaire Story Game,http://www.boardgamegeek.com/boardgame/42142/doctor-who-solitaire-story-game,
No,Across Four Oceans,http://www.boardgamegeek.com/boardgame/104649/across-four-oceans,
No,Death at Samarra,http://www.boardgamegeek.com/boardgame/38332/death-at-samarra,
No,All Time Championship Soccer,http://www.boardgamegeek.com/boardgame/77200/all-time-championship-soccer,
No,Psi Squad,http://www.boardgamegeek.com/boardgame/20498/psi-squad,
No,Accelerator,http://www.boardgamegeek.com/boardgame/17547/accelerator,
No,Formula Next Generation,http://www.boardgamegeek.com/boardgame/94511/formula-next-generation,
No,Red Dwarf: The Card Game,http://www.boardgamegeek.com/boardgame/23759/red-dwarf-the-card-game,
No,The Amityville Project: Lethargos,http://www.boardgamegeek.com/boardgameexpansion/143740/the-amityville-project-lethargos,
No,Galeone Galeotto,http://www.boardgamegeek.com/boardgame/9422/galeone-galeotto,
No,TaleSpin: The Card Game,http://www.boardgamegeek.com/boardgame/21610/talespin-the-card-game,
No,Democracy under Siege,http://www.boardgamegeek.com/boardgame/90568/democracy-under-siege,
No,CromoGnomo,http://www.boardgamegeek.com/boardgame/10958/cromognomo,
No,Prisoner Cell Block H Card Game,http://www.boardgamegeek.com/boardgame/24018/prisoner-cell-block-h-card-game,
No,Battleship: Search and Destroy,http://www.boardgamegeek.com/boardgame/64354/battleship-search-and-destroy,
No,Treasure Team,http://www.boardgamegeek.com/boardgame/41563/treasure-team,
No,Blood of Kings,http://www.boardgamegeek.com/boardgame/58705/blood-of-kings,
No,Egyptian Flood,http://www.boardgamegeek.com/boardgame/42016/egyptian-flood,
No,Aether Captains: Pirates and Traders,http://www.boardgamegeek.com/boardgame/92186/aether-captains-pirates-and-traders,
No,Venturers in Argent,http://www.boardgamegeek.com/boardgame/22998/venturers-in-argent,
No,Paraguay,http://www.boardgamegeek.com/boardgame/107605/paraguay,
No,Hot Air – Solitaire,http://www.boardgamegeek.com/boardgame/39642/hot-air-solitaire,
No,6 x 6 Abstract Game,http://www.boardgamegeek.com/boardgame/71675/6-x-6-abstract-game,
No,Outpost Gamma,http://www.boardgamegeek.com/boardgame/1700/outpost-gamma,
No,Arenario,http://www.boardgamegeek.com/boardgame/61667/arenario,
No,WarpQuest,http://www.boardgamegeek.com/boardgame/3761/warpquest,
No,Splut!,http://www.boardgamegeek.com/boardgame/64735/splut,
No,The d6 Shooters,http://www.boardgamegeek.com/boardgame/54201/the-d6-shooters,
No,Indiana Jones Card Game,http://www.boardgamegeek.com/boardgame/23916/indiana-jones-card-game,
No,Silk Road Maker,http://www.boardgamegeek.com/boardgame/63710/silk-road-maker,
No,Lines of Action,http://www.boardgamegeek.com/boardgame/3406/lines-of-action,
No,Raffut à Faeris,http://www.boardgamegeek.com/boardgame/17739/raffut-a-faeris,
No,Elemyst,http://www.boardgamegeek.com/boardgame/138443/elemyst,
No,City of Guilds,http://www.boardgamegeek.com/boardgame/47414/city-of-guilds,
No,Escape With Honour,http://www.boardgamegeek.com/boardgame/42791/escape-with-honour,
No,Dungeon Plungin',http://www.boardgamegeek.com/boardgame/31412/dungeon-plungin,
No,Pistard,http://www.boardgamegeek.com/boardgame/25954/pistard,
No,Auto Nation,http://www.boardgamegeek.com/boardgame/42912/auto-nation,
No,Derelicts of Sin: Heresy,http://www.boardgamegeek.com/boardgame/100367/derelicts-of-sin-heresy,
No,Jingle Jangle,http://www.boardgamegeek.com/boardgame/88829/jingle-jangle,
No,Rocketball,http://www.boardgamegeek.com/boardgame/1455/rocketball,
No,Commodore,http://www.boardgamegeek.com/boardgame/20264/commodore,
No,Mozaika,http://www.boardgamegeek.com/boardgame/25567/mozaika,
No,Glokess,http://www.boardgamegeek.com/boardgame/55906/glokess,
No,Dungeon (ICP),http://www.boardgamegeek.com/boardgame/19503/dungeon-icp,
No,Garden Path,http://www.boardgamegeek.com/boardgame/39752/garden-path,
No,Snake Pit,http://www.boardgamegeek.com/boardgame/11531/snake-pit,
No,Lost Treasures,http://www.boardgamegeek.com/boardgame/24130/lost-treasures,
No,Slender: The 8 Pages,http://www.boardgamegeek.com/boardgame/141798/slender-the-8-pages,
No,Operation Iraqi Freedom,http://www.boardgamegeek.com/boardgame/10162/operation-iraqi-freedom,
No,Nile,http://www.boardgamegeek.com/boardgame/40213/nile,
No,Utopian Rummy,http://www.boardgamegeek.com/boardgame/42057/utopian-rummy,
No,Dragon Poker,http://www.boardgamegeek.com/boardgame/18586/dragon-poker,
No,The Dungeon of D,http://www.boardgamegeek.com/boardgame/34639/the-dungeon-of-d,
No,Chou Chèv' Loup,http://www.boardgamegeek.com/boardgame/19828/chou-chev-loup,
No,The Mayor of Hooverville,http://www.boardgamegeek.com/boardgame/20927/the-mayor-of-hooverville,
No,Way Out West,http://www.boardgamegeek.com/boardgame/23132/way-out-west,
No,Heraldic,http://www.boardgamegeek.com/boardgame/22023/heraldic,
No,Stratastar,http://www.boardgamegeek.com/boardgame/17116/stratastar,
No,Get to the Chopper!!!,http://www.boardgamegeek.com/boardgame/35635/get-to-the-chopper,
No,On Belay,http://www.boardgamegeek.com/boardgame/118305/on-belay,
No,War in Rio,http://www.boardgamegeek.com/boardgame/83057/war-in-rio,
No,Splatball: Suburban Legend,http://www.boardgamegeek.com/boardgame/35613/splatball-suburban-legend,
No,Species,http://www.boardgamegeek.com/boardgame/129522/species,
No,Empires,http://www.boardgamegeek.com/boardgame/11569/empires,
No,Dice of the Living Dead,http://www.boardgamegeek.com/boardgame/56022/dice-of-the-living-dead,
No,City Lines,http://www.boardgamegeek.com/boardgame/64724/city-lines,
No,Els xinos de l'Oracle,http://www.boardgamegeek.com/boardgame/26332/els-xinos-de-loracle,
No,Absorption,http://www.boardgamegeek.com/boardgame/63114/absorption,
No,Clovis: The Dice Game,http://www.boardgamegeek.com/boardgame/69479/clovis-the-dice-game,
No,Cheese Chasers,http://www.boardgamegeek.com/boardgame/40819/cheese-chasers,
No,"Gobble, Gobble",http://www.boardgamegeek.com/boardgame/39098/gobble-gobble,
No,Evil Stevie's Pirate Game,http://www.boardgamegeek.com/boardgame/7624/evil-stevies-pirate-game,
No,L'esprit de Marie Antoinette,http://www.boardgamegeek.com/boardgame/39920/lesprit-de-marie-antoinette,
No,Fairy Bucks,http://www.boardgamegeek.com/boardgame/17532/fairy-bucks,
No,Way of the Warrior,http://www.boardgamegeek.com/boardgame/16780/way-of-the-warrior,
No,BSG Express,http://www.boardgamegeek.com/boardgame/111124/bsg-express,
No,Vector 3,http://www.boardgamegeek.com/boardgame/4353/vector-3,
No,Tour: Cycle Free,http://www.boardgamegeek.com/boardgame/40601/tour-cycle-free,
No,Łowcy zwierząt,http://www.boardgamegeek.com/boardgame/26053/lowcy-zwierzat,
No,Agordat 1893,http://www.boardgamegeek.com/boardgame/72964/agordat-1893,
No,InterUrban,http://www.boardgamegeek.com/boardgame/6954/interurban,
No,The Game of Great Detectives,http://www.boardgamegeek.com/boardgame/65062/the-game-of-great-detectives,
No,Olix,http://www.boardgamegeek.com/boardgame/1365/olix,
No,Firefly Big Damn Heroes,http://www.boardgamegeek.com/boardgame/19191/firefly-big-damn-heroes,
No,Weilong,http://www.boardgamegeek.com/boardgame/33359/weilong,
No,Genghis Khan,http://www.boardgamegeek.com/boardgame/27320/genghis-khan,
No,Whistling Death,http://www.boardgamegeek.com/boardgame/8521/whistling-death,
No,Sharks and Jets,http://www.boardgamegeek.com/boardgame/22083/sharks-and-jets,
No,Whack & Slaughter,http://www.boardgamegeek.com/boardgame/111307/whack-slaughter,
No,Cyber Clash,http://www.boardgamegeek.com/boardgame/19730/cyber-clash,
No,Hour of Glory: Stronghold Kit,http://www.boardgamegeek.com/boardgame/12622/hour-of-glory-stronghold-kit,
No,Vera Cruz,http://www.boardgamegeek.com/boardgame/116890/vera-cruz,
No,Game of the 5 Fields,http://www.boardgamegeek.com/boardgame/18327/game-of-the-5-fields,
No,Beehive,http://www.boardgamegeek.com/boardgame/78431/beehive,
No,Caravan,http://www.boardgamegeek.com/boardgame/28568/caravan,
No,Space Junkyard,http://www.boardgamegeek.com/boardgame/26747/space-junkyard,
No,Margin Of Error: A Presidential Election Game,http://www.boardgamegeek.com/boardgame/81079/margin-of-error-a-presidential-election-game,
No,Bone Barter,http://www.boardgamegeek.com/boardgame/11032/bone-barter,
No,Mario Party: The Real Life Game,http://www.boardgamegeek.com/boardgame/119864/mario-party-the-real-life-game,
No,Rage,http://www.boardgamegeek.com/boardgame/2133/rage,
No,Slasher Uncut,http://www.boardgamegeek.com/boardgame/88984/slasher-uncut,
No,Planet X-ploits,http://www.boardgamegeek.com/boardgame/63496/planet-x-ploits,
No,Dawn of the Dead,http://www.boardgamegeek.com/boardgame/1773/dawn-of-the-dead,
No,N30: We Are Winning!,http://www.boardgamegeek.com/boardgame/17968/n30-we-are-winning,
No,Quick Six,http://www.boardgamegeek.com/boardgame/63008/quick-six,
No,Tank Killers,http://www.boardgamegeek.com/boardgame/24461/tank-killers,
No,Escape of the Dead Minigame,http://www.boardgamegeek.com/boardgame/87632/escape-of-the-dead-minigame,
No,Starship Command,http://www.boardgamegeek.com/boardgame/2031/starship-command,
No,Lock 'n Load: Band of Heroes,http://www.boardgamegeek.com/boardgame/18460/lock-n-load-band-of-heroes,
No,Rallye,http://www.boardgamegeek.com/boardgame/18924/rallye,
No,Infection Express,http://www.boardgamegeek.com/boardgame/57139/infection-express,
No,Invasive Species: The Game,http://www.boardgamegeek.com/boardgame/148890/invasive-species-the-game,
No,"Hello, Dolly!",http://www.boardgamegeek.com/boardgame/104164/hello-dolly,
No,Turquoise,http://www.boardgamegeek.com/boardgame/19707/turquoise,
No,Star Smuggler,http://www.boardgamegeek.com/boardgame/1699/star-smuggler,
No,Battle!,http://www.boardgamegeek.com/boardgame/25113/battle,
No,The Arian Controversy,http://www.boardgamegeek.com/boardgame/86021/the-arian-controversy,
No,BrikWars,http://www.boardgamegeek.com/boardgame/7623/brikwars,
No,MagiFlux,http://www.boardgamegeek.com/boardgame/54209/magiflux,
No,Grav Armor,http://www.boardgamegeek.com/boardgame/2153/grav-armor,
No,Destination: The Moon,http://www.boardgamegeek.com/boardgame/63411/destination-the-moon,
No,The Mean Streets of Chicago,http://www.boardgamegeek.com/boardgame/148135/the-mean-streets-of-chicago,
No,Teotlatolli: The council of the gods,http://www.boardgamegeek.com/boardgame/15753/teotlatolli-the-council-of-the-gods,
No,Mundialito (Gold Cup),http://www.boardgamegeek.com/boardgame/27343/mundialito-gold-cup,
No,Shoving Match: Ring-Out Championship,http://www.boardgamegeek.com/boardgame/43321/shoving-match-ring-out-championship,
No,Slipmax,http://www.boardgamegeek.com/boardgame/17603/slipmax,
No,The Thing,http://www.boardgamegeek.com/boardgame/75828/the-thing,
No,The Harvest,http://www.boardgamegeek.com/boardgame/99274/the-harvest,
No,Leviathan,http://www.boardgamegeek.com/boardgame/10032/leviathan,
No,E ADESSO?!/AND NOW?!,http://www.boardgamegeek.com/boardgame/86667/e-adessoand-now,
No,Richthofen,http://www.boardgamegeek.com/boardgame/16760/richthofen,
No,Q.U.L.E.,http://www.boardgamegeek.com/boardgame/18062/q-u-l-e,
No,Blokus Trigon,http://www.boardgamegeek.com/boardgame/21550/blokus-trigon,
No,Utopia Engine,http://www.boardgamegeek.com/boardgame/75223/utopia-engine,
No,Emergo,http://www.boardgamegeek.com/boardgame/14438/emergo,
No,Generic Racing Game,http://www.boardgamegeek.com/boardgame/41965/generic-racing-game,
No,Dungeon in a Tin,http://www.boardgamegeek.com/boardgame/90730/dungeon-in-a-tin,
No,Scrum Down Rugby Card Game,http://www.boardgamegeek.com/boardgame/70555/scrum-down-rugby-card-game,
No,Henry VIII: Intrigue in the Tudor Court,http://www.boardgamegeek.com/boardgame/4160/henry-viii-intrigue-in-the-tudor-court,
No,Nine Circles of Hell,http://www.boardgamegeek.com/boardgame/149561/nine-circles-of-hell,
No,Tipped Tacs,http://www.boardgamegeek.com/boardgame/17512/tipped-tacs,
No,Wired: Black Ops,http://www.boardgamegeek.com/boardgame/75530/wired-black-ops,
No,Army Ants,http://www.boardgamegeek.com/boardgame/36737/army-ants,
No,The Way,http://www.boardgamegeek.com/boardgame/2440/the-way,
No,The Amityville Project: Phobos,http://www.boardgamegeek.com/boardgame/130583/the-amityville-project-phobos,
No,Robo Battle Pigs,http://www.boardgamegeek.com/boardgame/3704/robo-battle-pigs,
No,Pagoda,http://www.boardgamegeek.com/boardgame/3213/pagoda,
No,Ninja vs Robot,http://www.boardgamegeek.com/boardgame/95021/ninja-vs-robot,
No,Dvorak,http://www.boardgamegeek.com/boardgame/9010/dvorak,
No,Plug Inn,http://www.boardgamegeek.com/boardgame/10961/plug-inn,
No,BWAH!,http://www.boardgamegeek.com/boardgame/24348/bwah,
No,Army of Darkness,http://www.boardgamegeek.com/boardgame/1138/army-of-darkness,
No,Flickago,http://www.boardgamegeek.com/boardgame/41228/flickago,
No,Barbarossa Solitaire,http://www.boardgamegeek.com/boardgame/16826/barbarossa-solitaire,
No,Subzero,http://www.boardgamegeek.com/boardgame/9330/subzero,
No,TriHex,http://www.boardgamegeek.com/boardgame/13653/trihex,
No,Battles of the Middle Ages: Legnano,http://www.boardgamegeek.com/boardgame/37324/battles-of-the-middle-ages-legnano,
No,Stråtrövarespelet,http://www.boardgamegeek.com/boardgame/35382/stratrovarespelet,
No,Fall of the Weimar Republic,http://www.boardgamegeek.com/boardgame/26417/fall-of-the-weimar-republic,
No,TactDecks: Reign of Heroes,http://www.boardgamegeek.com/boardgame/128103/tactdecks-reign-of-heroes,
No,Punch!,http://www.boardgamegeek.com/boardgame/20302/punch,
No,Zombies at the door,http://www.boardgamegeek.com/boardgame/133696/zombies-at-the-door,
No,Trash or Treasure,http://www.boardgamegeek.com/boardgame/60209/trash-or-treasure,
No,Sibylla,http://www.boardgamegeek.com/boardgame/136274/sibylla,
No,Monkey Trouble,http://www.boardgamegeek.com/boardgame/16947/monkey-trouble,
No,Montebello,http://www.boardgamegeek.com/boardgame/27127/montebello,
No,Soul Influence,http://www.boardgamegeek.com/boardgame/27150/soul-influence,
No,Cards Against Humanity,http://www.boardgamegeek.com/boardgame/50381/cards-against-humanity,
No,Players in the dating game,http://www.boardgamegeek.com/boardgame/41606/players-in-the-dating-game,
No,Skreemer,http://www.boardgamegeek.com/boardgame/86539/skreemer,
No,Bindle Rails,http://www.boardgamegeek.com/boardgame/39787/bindle-rails,
No,Crush Monster Rampage!,http://www.boardgamegeek.com/boardgameexpansion/129859/crush-monster-rampage,
No,Glider-Pit Gladiators,http://www.boardgamegeek.com/boardgame/6941/glider-pit-gladiators,
